CustomerID,FullName,Email,Phone
101,marcho san,charles41@yahoo.com,68718418335
102,lisa daniel,charles41@yahoo.com,91868938504
103,ashley price,anthonycruz@nichols.com,48172098865
104,lisa howell,kcobb@gmail.com,48172098865
,mariah alexander,jacqueline59@hotmail.com,9370419499
106,mary cooper,harrygarcia@yahoo.com,88025996756
107,jeffrey kelly,william55@gmail.com,96559835691
108,michelle mendoza,nmcintosh@cross.com,8955570296
109,elijah valdez,piercekimberly@morton-west.com,93448977786
110,angela gonzalez,qsingh@brown-grant.com,5866295905
111,linda hoffman,berryjohn@lane.com,54200651727
112,chad peck,nbarnes@yahoo.com,38110502751
113,jeffrey kline,wallacebradley@yahoo.com,81364681281
114,natasha hatfield,duffyaaron@yahoo.com,31268390830
115,pamela hammond,bbond@watson-young.com,66808749604
116,michael rhodes,ohoward@houston.com,20873104248
117,ian peterson,xreeves@hotmail.com,11535120799
118,mandy jacobs,andrew82@gmail.com,59818604984
119,christina nguyen,riverajessica@gmail.com,79627919748
120,bryan valencia,nrodriguez@reynolds.org,84675306063
121,miss donna levine,taylorjeffery@gibson.com,4956235078
122,melissa nguyen,sschwartz@hotmail.com,70988827234
123,darren evans,lopezkathryn@lawson.net,41663595332
124,shawna mills,alidorothy@peterson-diaz.org,11418858730
125,mrs. renee russell,yboyle@austin-gordon.org,61996302789
126,hannah thomas,juandavidson@yahoo.com,7819479462
127,michelle keller,derek84@parker.com,29110051844
128,karen smith,sarawolfe@hotmail.com,79016475396
129,douglas martin,michellewaters@salazar.com,26226915961
130,amy castro,tmartin@brown-estrada.com,8169496668
131,elizabeth hodges,jamesmooney@hotmail.com,14308643557
132,michelle miller,michaelwest@roberts.net,55392671463
133,austin werner,julian13@castro.org,13722884479
134,daniel miller,shawn11@gmail.com,22379971742
135,roberta parker,dianajohnson@yahoo.com,19141802577
136,julie smith,bmartin@gmail.com,77185453041
137,david campos,dsandoval@hotmail.com,36294459793
138,brett roberts,larry22@harper.com,17780612118
139,lori young,rmartinez@yahoo.com,41971110029
140,katherine andrade,dmiller@crawford.info,5042519569
141,robert zamora,carrollscott@valencia.net,36274936252
142,vanessa davis,edwardsgary@wilkinson.com,46815979528
143,matthew waters,burnsrobert@flores.org,59672801988
144,misty richmond,marquezcarolyn@gmail.com,15760881761
145,jamie brennan,warrenashley@hopkins.net,1842497443
146,caroline hunter,hillchristopher@gmail.com,91913044971
147,ashley castaneda,aholmes@brooks-avila.info,66165583580
148,dustin calderon,churley@riley.com,25598660442
149,jonathan zamora,jgarcia@lawson.com,42218410360
150,donna valdez,bruceshepherd@smith.biz,22173853005
151,monica jones,robert15@gmail.com,13303432180
152,regina shepard,nguyenwilliam@yahoo.com,36676580099
153,angela rodriguez,stevenfisher@gmail.com,70128591219
154,dr. david king,dgomez@hotmail.com,53781880097
155,donald ruiz,zachary60@gmail.com,29530815215
156,laura becker,joshuaking@yahoo.com,19178566111
157,randy nelson,matthew66@sanchez.net,22797949450
158,norma flores,elizabeth22@schmidt.info,47755876992
159,sarah bass,joan64@wiggins.net,56689114747
160,jacob santana,jason49@johnson-martin.com,49384180375
161,christina harvey,gregorysmith@hotmail.com,76238618270
162,tamara weaver,garciajohn@hotmail.com,63094971262
163,tommy obrien,anthony84@gmail.com,74428371892
164,sarah gregory,rfox@mendez.biz,44819270944
165,steven garza,shelby49@santiago.com,16794357095
166,david haynes,lauren35@french.net,47227467552
167,steven blackburn,fmendez@brown-baldwin.com,97322062426
168,joseph larsen,hpetersen@parsons.com,35104144820
169,james molina,nbradford@johnson.info,10095092789
170,derek lang,danielsnyder@griffith.com,63586596206
171,jose simmons,danielvillanueva@farmer.com,15703377745
172,carmen thomas,willisjonathan@williams.com,29325444663
173,alex huffman,moorejames@glass.com,69502580678
174,andrea robinson,williamjones@yahoo.com,97342705040
175,lisa farmer,williamrhodes@ramos.com,95766076802
176,christina baker,brownrobin@gmail.com,18531496379
177,jessica floyd,joshuascott@hotmail.com,56265387223
178,christopher smith,wellsmelissa@gmail.com,71835523113
179,colleen perez,kchambers@yahoo.com,46153999244
180,matthew griffith,franksandoval@davis.com,30057288631
181,marilyn sanchez,dacosta@hotmail.com,20109470240
182,barbara torres,hooperdavid@alexander.com,95575007558
183,carolyn gibson,stevenwilliams@burton.com,49617389998
184,ann martinez,howardthompson@gutierrez-clayton.org,12125732990
185,samantha evans,ramosbrandon@yahoo.com,84051445799
186,david lopez,jeffreydavis@gmail.com,67100194261
187,brent silva,jessica53@hotmail.com,32558650946
188,alicia villanueva,kaylajohnson@yahoo.com,53588772665
189,ashley jones,youngchristopher@hess.com,98565768080
190,aaron knight,iwilliams@gmail.com,24468678605
191,nicole phillips,warnerkatrina@cortez.com,33709187411
192,craig wyatt,derekrich@rogers.info,27227292314
193,alyssa murphy,whitechristian@clark.com,22426062278
194,kristy taylor,gsimmons@yahoo.com,93573523152
195,anthony burke,eric78@yahoo.com,18474534034
196,justin collins,rachel40@matthews-rogers.net,23983523865
197,jeffrey west,jacquelinesmith@hotmail.com,30252816131
198,suzanne santos,alicejohnson@cardenas-andrade.biz,59236844655
199,anne burgess,mmclean@novak.org,72674820909
200,yvonne sanford,webbbenjamin@berry.net,86647157188
201,diane thomas,karen29@dixon-graham.com,74973859139
202,frank matthews,stanleyethan@underwood.com,68831033605
203,charles willis,leenorma@hotmail.com,6398888285
204,tracy mendez,baldwinrebecca@lucas.com,96356139614
205,miss tonya green,bkaufman@moody-ingram.com,58305128811
206,michael white,victor03@lowe.org,77928437469
207,patrick townsend,peter00@murphy.com,44607454439
208,patricia baker,walkervictoria@hotmail.com,14750344296
209,monica joseph,njoyce@hotmail.com,63238326847
210,anthony shields,nicholaschase@fisher-davis.org,52937255120
211,kenneth williams,lisajones@hotmail.com,38822821386
212,melissa rogers,ljensen@hurst.com,78561994198
213,jennifer blackwell,qfigueroa@hotmail.com,20483392406
214,aaron holmes,michael17@yahoo.com,81628317120
215,darius robinson,jessemaxwell@robinson.com,41139500245
216,brianna brown,wnewman@yahoo.com,42778861661
217,lisa carrillo,debbiewatts@gmail.com,45742060960
218,victor logan,christine08@yahoo.com,25123558087
219,rachael williamson,qwashington@ortiz.com,84749328996
220,jennifer west,blove@green.org,43844065388
221,angela ellis,tranallison@hotmail.com,28167032186
222,michael garrett,zbrooks@wallace.info,60353548147
223,kelli heath,cheryl87@chapman.com,16053086588
224,tammy robertson,brianwilliams@dixon.com,13759700258
225,william newman,chad67@ewing.com,38039693470
226,rachel house,taylorjohnson@yahoo.com,59243033917
227,kevin moore,fryejason@yahoo.com,37240636356
228,rhonda acosta,smorris@gmail.com,50169204427
229,vincent brown,rdixon@smith-house.com,61664337061
230,brittany jones,kaylee11@hotmail.com,33510730702
